,Title,Price,Rating,Colors,Size,Gender,Extraction Timestamp
1,T-shirt 2,1634400.0,3.9,3,M,Women,2025-05-18 18:15:03
2,Hoodie 3,7950080.0,4.8,3,L,Unisex,2025-05-18 18:15:03
3,Pants 4,7476960.0,3.3,3,XL,Men,2025-05-18 18:15:03
4,Outerwear 5,5145440.0,3.5,3,XXL,Women,2025-05-18 18:15:03
5,Jacket 6,2453920.0,3.3,3,S,Unisex,2025-05-18 18:15:03
6,Crewneck 7,6892000.0,4.3,3,M,Men,2025-05-18 18:15:03
7,T-shirt 8,7802560.0,3.1,3,L,Women,2025-05-18 18:15:03
8,Hoodie 9,3972160.0,3.2,3,XL,Unisex,2025-05-18 18:15:03
9,Pants 10,3100160.0,4.2,3,XXL,Men,2025-05-18 18:15:03
11,Jacket 12,8527840.0,3.9,3,M,Unisex,2025-05-18 18:15:03
12,Crewneck 13,5447200.0,3.2,3,L,Men,2025-05-18 18:15:03
13,T-shirt 14,3248800.0,3.8,3,XL,Women,2025-05-18 18:15:03
14,Hoodie 15,2184160.0,3.6,3,XXL,Unisex,2025-05-18 18:15:03
16,Outerwear 17,841600.0,3.8,3,M,Women,2025-05-18 18:15:03
17,Jacket 18,5500000.0,3.8,3,L,Unisex,2025-05-18 18:15:03
18,Crewneck 19,1308960.0,3.6,3,XL,Men,2025-05-18 18:15:03
19,T-shirt 20,1325600.0,3.4,3,XXL,Women,2025-05-18 18:15:03
21,Pants 22,4319680.0,4.9,3,M,Men,2025-05-18 18:15:03
22,Outerwear 23,4655840.0,3.7,3,L,Women,2025-05-18 18:15:03
23,Jacket 24,8223520.0,3.9,3,XL,Unisex,2025-05-18 18:15:03
24,Crewneck 25,8322559.999999999,3.3,3,XXL,Men,2025-05-18 18:15:03
25,T-shirt 26,7292320.0,4.6,3,S,Women,2025-05-18 18:15:03
26,Hoodie 27,3551840.0,4.8,3,M,Unisex,2025-05-18 18:15:03
27,Pants 28,5216160.0,4.0,3,L,Men,2025-05-18 18:15:03
28,Outerwear 29,861600.0,3.1,3,XL,Women,2025-05-18 18:15:03
29,Jacket 30,8610240.0,3.7,3,XXL,Unisex,2025-05-18 18:15:03
31,T-shirt 32,6657920.0,3.4,3,M,Women,2025-05-18 18:15:03
32,Hoodie 33,7248160.0,3.5,3,L,Unisex,2025-05-18 18:15:03
33,Pants 34,8362719.999999999,3.8,3,XL,Men,2025-05-18 18:15:03
34,Outerwear 35,1356160.0,3.8,3,XXL,Women,2025-05-18 18:15:03
35,Jacket 36,7249280.0,3.7,3,S,Unisex,2025-05-18 18:15:03
36,Crewneck 37,6006080.0,4.0,3,M,Men,2025-05-18 18:15:03
37,T-shirt 38,4866080.0,3.2,3,L,Women,2025-05-18 18:15:03
38,Hoodie 39,6431200.0,4.6,3,XL,Unisex,2025-05-18 18:15:03
39,Pants 40,5853600.0,3.1,3,XXL,Men,2025-05-18 18:15:03
41,Jacket 42,6744160.0,3.7,3,M,Unisex,2025-05-18 18:15:03
42,Crewneck 43,2909600.0,4.5,3,L,Men,2025-05-18 18:15:03
43,T-shirt 44,3312320.0,3.0,3,XL,Women,2025-05-18 18:15:03
44,Hoodie 45,8693120.0,4.5,3,XXL,Unisex,2025-05-18 18:15:03
46,Outerwear 47,6364640.0,3.2,3,M,Women,2025-05-18 18:15:03
47,Jacket 48,4994720.0,3.4,3,L,Unisex,2025-05-18 18:15:03
48,Crewneck 49,1071200.0,4.0,3,XL,Men,2025-05-18 18:15:03
49,T-shirt 50,5932960.0,3.1,3,XXL,Women,2025-05-18 18:15:03
51,Pants 52,1596480.0,4.0,3,M,Men,2025-05-18 18:15:03
52,Outerwear 53,4470880.0,4.3,3,L,Women,2025-05-18 18:15:03
53,Jacket 54,854560.0,4.2,3,XL,Unisex,2025-05-18 18:15:03
54,Crewneck 55,1793760.0,3.6,3,XXL,Men,2025-05-18 18:15:03
55,T-shirt 56,4643040.0,3.8,3,S,Women,2025-05-18 18:15:03
56,Hoodie 57,3155360.0,4.9,3,M,Unisex,2025-05-18 18:15:03
57,Pants 58,1637760.0,4.4,3,L,Men,2025-05-18 18:15:03
58,Outerwear 59,2254240.0,4.6,3,XL,Women,2025-05-18 18:15:03
59,Jacket 60,3375520.0,4.2,3,XXL,Unisex,2025-05-18 18:15:03
61,T-shirt 62,1376480.0,3.8,3,M,Women,2025-05-18 18:15:03
62,Hoodie 63,6479200.0,3.6,3,L,Unisex,2025-05-18 18:15:03
63,Pants 64,7728480.0,4.0,3,XL,Men,2025-05-18 18:15:03
64,Outerwear 65,2385920.0,4.1,3,XXL,Women,2025-05-18 18:15:03
65,Jacket 66,4353120.0,3.5,3,S,Unisex,2025-05-18 18:15:03
66,Crewneck 67,8470720.0,3.5,3,M,Men,2025-05-18 18:15:03
67,T-shirt 68,8025280.0,4.0,3,L,Women,2025-05-18 18:15:03
68,Hoodie 69,1027839.9999999999,3.6,3,XL,Unisex,2025-05-18 18:15:03
69,Pants 70,1171360.0,4.4,3,XXL,Men,2025-05-18 18:15:03
71,Jacket 72,3776000.0,4.4,3,M,Unisex,2025-05-18 18:15:03
72,Crewneck 73,2460320.0,3.0,3,L,Men,2025-05-18 18:15:03
73,T-shirt 74,7704800.0,3.8,3,XL,Women,2025-05-18 18:15:03
74,Hoodie 75,2101760.0,4.3,3,XXL,Unisex,2025-05-18 18:15:03
76,Outerwear 77,861760.0,3.7,3,M,Women,2025-05-18 18:15:03
77,Jacket 78,2716480.0,4.3,3,L,Unisex,2025-05-18 18:15:03
78,Crewneck 79,3309600.0,4.6,3,XL,Men,2025-05-18 18:15:03
79,T-shirt 80,4178399.9999999995,4.5,3,XXL,Women,2025-05-18 18:15:03
81,Pants 82,8315520.0,4.8,3,M,Men,2025-05-18 18:15:03
82,Outerwear 83,3947840.0,3.7,3,L,Women,2025-05-18 18:15:03
83,Jacket 84,2826080.0,4.8,3,XL,Unisex,2025-05-18 18:15:03
84,Crewneck 85,4564160.0,3.5,3,XXL,Men,2025-05-18 18:15:03
85,T-shirt 86,1670880.0,3.9,3,S,Women,2025-05-18 18:15:03
86,Hoodie 87,7870240.0,4.3,3,M,Unisex,2025-05-18 18:15:03
87,Pants 88,7590400.0,3.1,3,L,Men,2025-05-18 18:15:03
88,Outerwear 89,4856320.0,3.0,3,XL,Women,2025-05-18 18:15:03
89,Jacket 90,7160000.0,4.0,3,XXL,Unisex,2025-05-18 18:15:03
91,T-shirt 92,5012320.0,3.5,3,M,Women,2025-05-18 18:15:03
92,Hoodie 93,1365280.0,3.6,3,L,Unisex,2025-05-18 18:15:03
93,Pants 94,1074880.0,4.3,3,XL,Men,2025-05-18 18:15:03
94,Outerwear 95,6062240.0,3.5,3,XXL,Women,2025-05-18 18:15:03
95,Jacket 96,4598240.0,4.9,3,S,Unisex,2025-05-18 18:15:03
96,Crewneck 97,6113120.0,3.9,3,M,Men,2025-05-18 18:15:03
97,T-shirt 98,8596960.0,3.1,3,L,Women,2025-05-18 18:15:03
98,Hoodie 99,5028000.0,3.6,3,XL,Unisex,2025-05-18 18:15:03
99,Pants 100,2217280.0,4.6,3,XXL,Men,2025-05-18 18:15:03
101,Jacket 102,3840640.0,3.3,3,M,Unisex,2025-05-18 18:15:03
102,Crewneck 103,2331680.0,3.5,3,L,Men,2025-05-18 18:15:03
103,T-shirt 104,2374400.0,3.8,3,XL,Women,2025-05-18 18:15:03
104,Hoodie 105,5019840.0,4.2,3,XXL,Unisex,2025-05-18 18:15:03
106,Outerwear 107,6625120.0,4.0,3,M,Women,2025-05-18 18:15:03
107,Jacket 108,5551680.0,4.8,3,L,Unisex,2025-05-18 18:15:03
108,Crewneck 109,5886880.0,3.3,3,XL,Men,2025-05-18 18:15:03
109,T-shirt 110,7197120.0,4.6,3,XXL,Women,2025-05-18 18:15:03
111,Pants 112,4261920.0,3.3,3,M,Men,2025-05-18 18:15:03
112,Outerwear 113,4472000.0,3.7,3,L,Women,2025-05-18 18:15:03
113,Jacket 114,5386560.0,4.9,3,XL,Unisex,2025-05-18 18:15:03
114,Crewneck 115,1933280.0,4.5,3,XXL,Men,2025-05-18 18:15:03
115,T-shirt 116,3474560.0,3.0,3,S,Women,2025-05-18 18:15:03
116,Hoodie 117,3376320.0,5.0,3,M,Unisex,2025-05-18 18:15:03
117,Pants 118,5585440.0,3.2,3,L,Men,2025-05-18 18:15:03
118,Outerwear 119,3561760.0,3.4,3,XL,Women,2025-05-18 18:15:03
119,Jacket 120,7480320.0,4.0,3,XXL,Unisex,2025-05-18 18:15:03
121,T-shirt 122,1961920.0,3.6,3,M,Women,2025-05-18 18:15:03
122,Hoodie 123,4498080.0,3.8,3,L,Unisex,2025-05-18 18:15:03
123,Pants 124,7023520.0,3.2,3,XL,Men,2025-05-18 18:15:03
124,Outerwear 125,6998240.0,4.2,3,XXL,Women,2025-05-18 18:15:03
125,Jacket 126,4426080.0,3.9,3,S,Unisex,2025-05-18 18:15:03
126,Crewneck 127,8311680.0,4.0,3,M,Men,2025-05-18 18:15:03
127,T-shirt 128,4466720.0,3.8,3,L,Women,2025-05-18 18:15:03
128,Hoodie 129,2532480.0,4.5,3,XL,Unisex,2025-05-18 18:15:03
129,Pants 130,6603520.0,4.8,3,XXL,Men,2025-05-18 18:15:03
131,Jacket 132,6474880.0,4.2,3,M,Unisex,2025-05-18 18:15:03
132,Crewneck 133,2016320.0,4.7,3,L,Men,2025-05-18 18:15:03
133,T-shirt 134,5937440.0,3.2,3,XL,Women,2025-05-18 18:15:03
134,Hoodie 135,5141440.0,4.7,3,XXL,Unisex,2025-05-18 18:15:03
136,Outerwear 137,6988320.0,4.5,3,M,Women,2025-05-18 18:15:03
137,Jacket 138,4635520.0,3.4,3,L,Unisex,2025-05-18 18:15:03
138,Crewneck 139,8053120.0,4.5,3,XL,Men,2025-05-18 18:15:03
139,T-shirt 140,6811040.0,3.5,3,XXL,Women,2025-05-18 18:15:03
141,Pants 142,2325280.0,4.9,3,M,Men,2025-05-18 18:15:03
142,Outerwear 143,3346560.0,4.9,3,L,Women,2025-05-18 18:15:03
143,Jacket 144,5758240.0,4.3,3,XL,Unisex,2025-05-18 18:15:03
144,Crewneck 145,3472800.0,4.8,3,XXL,Men,2025-05-18 18:15:03
145,T-shirt 146,7688640.0,4.3,3,S,Women,2025-05-18 18:15:03
146,Hoodie 147,3052800.0,5.0,3,M,Unisex,2025-05-18 18:15:03
147,Pants 148,6033440.0,4.7,3,L,Men,2025-05-18 18:15:03
148,Outerwear 149,3105920.0,3.2,3,XL,Women,2025-05-18 18:15:03
149,Jacket 150,1500640.0,3.6,3,XXL,Unisex,2025-05-18 18:15:03
151,T-shirt 152,6288640.0,4.2,3,M,Women,2025-05-18 18:15:03
152,Hoodie 153,2660640.0,4.3,3,L,Unisex,2025-05-18 18:15:03
153,Pants 154,2337440.0,3.0,3,XL,Men,2025-05-18 18:15:03
154,Outerwear 155,3783200.0,4.1,3,XXL,Women,2025-05-18 18:15:03
155,Jacket 156,6645120.0,3.6,3,S,Unisex,2025-05-18 18:15:03
156,Crewneck 157,1105760.0,4.0,3,M,Men,2025-05-18 18:15:03
157,T-shirt 158,7321120.0,4.0,3,L,Women,2025-05-18 18:15:03
158,Hoodie 159,2371680.0,4.9,3,XL,Unisex,2025-05-18 18:15:03
159,Pants 160,2802880.0,3.4,3,XXL,Men,2025-05-18 18:15:03
161,Jacket 162,1543840.0,4.5,3,M,Unisex,2025-05-18 18:15:03
162,Crewneck 163,7861920.0,4.4,3,L,Men,2025-05-18 18:15:03
163,T-shirt 164,3512000.0,3.9,3,XL,Women,2025-05-18 18:15:03
164,Hoodie 165,6921280.0,4.9,3,XXL,Unisex,2025-05-18 18:15:03
166,Outerwear 167,3273760.0,3.1,3,M,Women,2025-05-18 18:15:03
167,Jacket 168,870400.0,4.4,3,L,Unisex,2025-05-18 18:15:03
168,Crewneck 169,8032800.0,4.7,3,XL,Men,2025-05-18 18:15:03
169,T-shirt 170,6677920.0,4.5,3,XXL,Women,2025-05-18 18:15:03
171,Pants 172,1566080.0,4.9,3,M,Men,2025-05-18 18:15:03
172,Outerwear 173,7034560.0,4.6,3,L,Women,2025-05-18 18:15:03
173,Jacket 174,6282240.0,3.3,3,XL,Unisex,2025-05-18 18:15:03
174,Crewneck 175,8125120.0,4.5,3,XXL,Men,2025-05-18 18:15:03
175,T-shirt 176,6104320.0,3.6,3,S,Women,2025-05-18 18:15:03
176,Hoodie 177,1890400.0,4.6,3,M,Unisex,2025-05-18 18:15:03
177,Pants 178,6184160.0,3.0,3,L,Men,2025-05-18 18:15:03
178,Outerwear 179,5816640.0,3.5,3,XL,Women,2025-05-18 18:15:03
179,Jacket 180,5552640.0,3.9,3,XXL,Unisex,2025-05-18 18:15:03
181,T-shirt 182,2334880.0,3.8,3,M,Women,2025-05-18 18:15:03
182,Hoodie 183,3904640.0,3.6,3,L,Unisex,2025-05-18 18:15:03
183,Pants 184,7759520.0,4.5,3,XL,Men,2025-05-18 18:15:03
184,Outerwear 185,7822880.0,3.2,3,XXL,Women,2025-05-18 18:15:03
185,Jacket 186,6940480.0,4.2,3,S,Unisex,2025-05-18 18:15:03
186,Crewneck 187,6663520.0,3.8,3,M,Men,2025-05-18 18:15:03
187,T-shirt 188,3927840.0,4.4,3,L,Women,2025-05-18 18:15:03
188,Hoodie 189,1946720.0,4.0,3,XL,Unisex,2025-05-18 18:15:03
189,Pants 190,2220960.0,4.5,3,XXL,Men,2025-05-18 18:15:03
191,Jacket 192,5066240.0,3.8,3,M,Unisex,2025-05-18 18:15:03
192,Crewneck 193,7355680.0,4.1,3,L,Men,2025-05-18 18:15:03
193,T-shirt 194,2818720.0,4.9,3,XL,Women,2025-05-18 18:15:03
194,Hoodie 195,7208960.0,4.9,3,XXL,Unisex,2025-05-18 18:15:03
196,Outerwear 197,5681600.0,4.9,3,M,Women,2025-05-18 18:15:03
197,Jacket 198,5435040.0,4.5,3,L,Unisex,2025-05-18 18:15:03
198,Crewneck 199,6744320.0,3.1,3,XL,Men,2025-05-18 18:15:03
199,T-shirt 200,6289920.0,3.5,3,XXL,Women,2025-05-18 18:15:03
201,Pants 202,5592480.0,3.3,3,M,Men,2025-05-18 18:15:03
202,Outerwear 203,2144000.0,3.4,3,L,Women,2025-05-18 18:15:03
203,Jacket 204,6031040.0,3.9,3,XL,Unisex,2025-05-18 18:15:03
204,Crewneck 205,6434880.0,3.2,3,XXL,Men,2025-05-18 18:15:03
205,T-shirt 206,4674720.0,4.5,3,S,Women,2025-05-18 18:15:03
206,Hoodie 207,6101440.0,3.5,3,M,Unisex,2025-05-18 18:15:03
207,Pants 208,4637600.0,3.1,3,L,Men,2025-05-18 18:15:03
208,Outerwear 209,7980640.0,4.3,3,XL,Women,2025-05-18 18:15:03
209,Jacket 210,7827360.0,4.7,3,XXL,Unisex,2025-05-18 18:15:03
211,T-shirt 212,8794880.0,4.7,3,M,Women,2025-05-18 18:15:03
212,Hoodie 213,5748000.0,3.6,3,L,Unisex,2025-05-18 18:15:03
213,Pants 214,4315680.0,4.9,3,XL,Men,2025-05-18 18:15:03
214,Outerwear 215,1449600.0,3.8,3,XXL,Women,2025-05-18 18:15:03
215,Jacket 216,4576480.0,4.6,3,S,Unisex,2025-05-18 18:15:03
216,Crewneck 217,5772960.0,4.8,3,M,Men,2025-05-18 18:15:03
217,T-shirt 218,5600320.0,3.1,3,L,Women,2025-05-18 18:15:03
218,Hoodie 219,5671040.0,4.6,3,XL,Unisex,2025-05-18 18:15:03
219,Pants 220,3357600.0,3.2,3,XXL,Men,2025-05-18 18:15:03
221,Jacket 222,7438080.0,3.4,3,M,Unisex,2025-05-18 18:15:03
222,Crewneck 223,952960.0,4.8,3,L,Men,2025-05-18 18:15:03
223,T-shirt 224,3534560.0,4.5,3,XL,Women,2025-05-18 18:15:03
224,Hoodie 225,5232800.0,3.5,3,XXL,Unisex,2025-05-18 18:15:03
226,Outerwear 227,6742560.0,4.8,3,M,Women,2025-05-18 18:15:03
227,Jacket 228,8076800.0,4.5,3,L,Unisex,2025-05-18 18:15:03
228,Crewneck 229,3101920.0,4.9,3,XL,Men,2025-05-18 18:15:03
229,T-shirt 230,7133280.0,4.5,3,XXL,Women,2025-05-18 18:15:03
231,Pants 232,8327360.000000001,4.0,3,M,Men,2025-05-18 18:15:03
232,Outerwear 233,847360.0,4.8,3,L,Women,2025-05-18 18:15:03
233,Jacket 234,1159200.0,4.5,3,XL,Unisex,2025-05-18 18:15:03
234,Crewneck 235,6560320.0,3.4,3,XXL,Men,2025-05-18 18:15:03
235,T-shirt 236,5492320.0,3.9,3,S,Women,2025-05-18 18:15:03
236,Hoodie 237,4743520.0,3.1,3,M,Unisex,2025-05-18 18:15:03
237,Pants 238,8301920.0,3.8,3,L,Men,2025-05-18 18:15:03
238,Outerwear 239,7934080.0,3.1,3,XL,Women,2025-05-18 18:15:03
239,Jacket 240,7600000.0,3.8,3,XXL,Unisex,2025-05-18 18:15:03
241,T-shirt 242,4833600.0,3.4,3,M,Women,2025-05-18 18:15:03
242,Hoodie 243,3371680.0,3.1,3,L,Unisex,2025-05-18 18:15:03
243,Pants 244,8116160.0,3.1,3,XL,Men,2025-05-18 18:15:03
244,Outerwear 245,1451680.0,4.0,3,XXL,Women,2025-05-18 18:15:03
245,Jacket 246,8735040.0,3.1,3,S,Unisex,2025-05-18 18:15:03
246,Crewneck 247,8769120.0,3.0,3,M,Men,2025-05-18 18:15:03
247,T-shirt 248,2280000.0,4.5,3,L,Women,2025-05-18 18:15:03
248,Hoodie 249,2149440.0,4.2,3,XL,Unisex,2025-05-18 18:15:03
249,Pants 250,4314240.0,3.1,3,XXL,Men,2025-05-18 18:15:03
251,Jacket 252,8408480.0,3.2,3,M,Unisex,2025-05-18 18:15:03
252,Crewneck 253,1854720.0,3.9,3,L,Men,2025-05-18 18:15:03
253,T-shirt 254,5984160.0,3.9,3,XL,Women,2025-05-18 18:15:03
254,Hoodie 255,3668000.0,4.1,3,XXL,Unisex,2025-05-18 18:15:03
256,Outerwear 257,7073120.0,5.0,3,M,Women,2025-05-18 18:15:03
257,Jacket 258,2080639.9999999998,4.7,3,L,Unisex,2025-05-18 18:15:03
258,Crewneck 259,2275520.0,3.3,3,XL,Men,2025-05-18 18:15:03
259,T-shirt 260,6271520.0,3.5,3,XXL,Women,2025-05-18 18:15:03
261,Pants 262,1097760.0,3.4,3,M,Men,2025-05-18 18:15:03
262,Outerwear 263,1878400.0,4.2,3,L,Women,2025-05-18 18:15:03
263,Jacket 264,2063040.0,4.8,3,XL,Unisex,2025-05-18 18:15:03
264,Crewneck 265,2483040.0,3.5,3,XXL,Men,2025-05-18 18:15:03
265,T-shirt 266,4842080.0,4.6,3,S,Women,2025-05-18 18:15:03
266,Hoodie 267,4086240.0,4.3,3,M,Unisex,2025-05-18 18:15:03
267,Pants 268,5005120.0,3.6,3,L,Men,2025-05-18 18:15:03
268,Outerwear 269,8073920.0,3.1,3,XL,Women,2025-05-18 18:15:03
269,Jacket 270,2569120.0,4.2,3,XXL,Unisex,2025-05-18 18:15:03
271,T-shirt 272,5811840.0,3.3,3,M,Women,2025-05-18 18:15:03
272,Hoodie 273,5291360.0,4.9,3,L,Unisex,2025-05-18 18:15:03
273,Pants 274,3669280.0,4.2,3,XL,Men,2025-05-18 18:15:03
274,Outerwear 275,5575360.0,4.8,3,XXL,Women,2025-05-18 18:15:03
275,Jacket 276,1013600.0,4.3,3,S,Unisex,2025-05-18 18:15:03
276,Crewneck 277,2383680.0,4.7,3,M,Men,2025-05-18 18:15:03
277,T-shirt 278,2087360.0000000002,3.8,3,L,Women,2025-05-18 18:15:03
278,Hoodie 279,5592320.0,4.7,3,XL,Unisex,2025-05-18 18:15:03
279,Pants 280,7501440.0,3.9,3,XXL,Men,2025-05-18 18:15:03
281,Jacket 282,2227040.0,3.0,3,M,Unisex,2025-05-18 18:15:03
282,Crewneck 283,6633120.0,3.2,3,L,Men,2025-05-18 18:15:03
283,T-shirt 284,6568000.0,3.6,3,XL,Women,2025-05-18 18:15:03
284,Hoodie 285,3009120.0,3.2,3,XXL,Unisex,2025-05-18 18:15:03
286,Outerwear 287,5273600.0,3.7,3,M,Women,2025-05-18 18:15:03
287,Jacket 288,3123040.0,4.1,3,L,Unisex,2025-05-18 18:15:03
288,Crewneck 289,888000.0,4.0,3,XL,Men,2025-05-18 18:15:03
289,T-shirt 290,6425120.0,4.2,3,XXL,Women,2025-05-18 18:15:03
291,Pants 292,2384480.0,3.9,3,M,Men,2025-05-18 18:15:03
292,Outerwear 293,1176160.0,4.5,3,L,Women,2025-05-18 18:15:03
293,Jacket 294,5947200.0,3.8,3,XL,Unisex,2025-05-18 18:15:03
294,Crewneck 295,7266720.0,4.9,3,XXL,Men,2025-05-18 18:15:03
295,T-shirt 296,1172160.0,3.1,3,S,Women,2025-05-18 18:15:03
296,Hoodie 297,7801120.0,3.6,3,M,Unisex,2025-05-18 18:15:03
297,Pants 298,2426080.0,4.8,3,L,Men,2025-05-18 18:15:03
298,Outerwear 299,1947840.0,4.3,3,XL,Women,2025-05-18 18:15:03
299,Jacket 300,6408480.0,4.0,3,XXL,Unisex,2025-05-18 18:15:03
301,T-shirt 302,5711200.0,3.2,3,M,Women,2025-05-18 18:15:03
302,Hoodie 303,7974560.0,4.1,3,L,Unisex,2025-05-18 18:15:03
303,Pants 304,7129760.0,3.4,3,XL,Men,2025-05-18 18:15:03
304,Outerwear 305,6325440.0,4.5,3,XXL,Women,2025-05-18 18:15:03
305,Jacket 306,7575040.0,4.2,3,S,Unisex,2025-05-18 18:15:03
306,Crewneck 307,7735200.0,3.7,3,M,Men,2025-05-18 18:15:03
307,T-shirt 308,4086080.0,4.1,3,L,Women,2025-05-18 18:15:03
308,Hoodie 309,3953120.0,4.8,3,XL,Unisex,2025-05-18 18:15:03
309,Pants 310,6329280.0,4.7,3,XXL,Men,2025-05-18 18:15:03
311,Jacket 312,7267040.0,3.8,3,M,Unisex,2025-05-18 18:15:03
312,Crewneck 313,1948320.0,3.1,3,L,Men,2025-05-18 18:15:03
313,T-shirt 314,6017120.0,3.2,3,XL,Women,2025-05-18 18:15:03
314,Hoodie 315,7022880.0,3.1,3,XXL,Unisex,2025-05-18 18:15:03
316,Outerwear 317,5259040.0,3.3,3,M,Women,2025-05-18 18:15:03
317,Jacket 318,5667200.0,3.7,3,L,Unisex,2025-05-18 18:15:03
318,Crewneck 319,3085920.0,3.3,3,XL,Men,2025-05-18 18:15:03
319,T-shirt 320,829440.0,3.3,3,XXL,Women,2025-05-18 18:15:03
321,Pants 322,7810400.0,3.2,3,M,Men,2025-05-18 18:15:03
322,Outerwear 323,8468000.0,3.1,3,L,Women,2025-05-18 18:15:03
323,Jacket 324,6082720.0,3.3,3,XL,Unisex,2025-05-18 18:15:03
324,Crewneck 325,3001760.0,3.4,3,XXL,Men,2025-05-18 18:15:03
325,T-shirt 326,4519360.0,4.9,3,S,Women,2025-05-18 18:15:03
326,Hoodie 327,6641440.0,4.4,3,M,Unisex,2025-05-18 18:15:03
327,Pants 328,5732960.0,4.5,3,L,Men,2025-05-18 18:15:03
328,Outerwear 329,6724160.0,4.7,3,XL,Women,2025-05-18 18:15:03
329,Jacket 330,1591200.0,4.3,3,XXL,Unisex,2025-05-18 18:15:03
331,T-shirt 332,2335680.0,3.4,3,M,Women,2025-05-18 18:15:03
332,Hoodie 333,1746080.0,4.8,3,L,Unisex,2025-05-18 18:15:03
333,Pants 334,2409440.0,3.8,3,XL,Men,2025-05-18 18:15:03
334,Outerwear 335,2826720.0,3.0,3,XXL,Women,2025-05-18 18:15:03
335,Jacket 336,6237760.0,5.0,3,S,Unisex,2025-05-18 18:15:03
336,Crewneck 337,8608800.0,4.3,3,M,Men,2025-05-18 18:15:03
337,T-shirt 338,2883360.0,3.9,3,L,Women,2025-05-18 18:15:03
338,Hoodie 339,4424800.0,4.9,3,XL,Unisex,2025-05-18 18:15:03
339,Pants 340,5975200.0,4.3,3,XXL,Men,2025-05-18 18:15:03
341,Jacket 342,1827680.0,4.8,3,M,Unisex,2025-05-18 18:15:03
342,Crewneck 343,2279040.0,4.1,3,L,Men,2025-05-18 18:15:03
343,T-shirt 344,3415680.0,4.5,3,XL,Women,2025-05-18 18:15:03
344,Hoodie 345,7577440.0,3.3,3,XXL,Unisex,2025-05-18 18:15:03
346,Outerwear 347,6986080.0,4.7,3,M,Women,2025-05-18 18:15:03
347,Jacket 348,3195040.0,4.6,3,L,Unisex,2025-05-18 18:15:03
348,Crewneck 349,6085600.0,3.5,3,XL,Men,2025-05-18 18:15:03
349,T-shirt 350,8047680.0,5.0,3,XXL,Women,2025-05-18 18:15:03
351,Pants 352,2838880.0,4.0,3,M,Men,2025-05-18 18:15:03
352,Outerwear 353,961600.0,3.6,3,L,Women,2025-05-18 18:15:03
353,Jacket 354,2294720.0,3.8,3,XL,Unisex,2025-05-18 18:15:03
354,Crewneck 355,4246560.0,3.2,3,XXL,Men,2025-05-18 18:15:03
355,T-shirt 356,7150080.0,4.3,3,S,Women,2025-05-18 18:15:03
356,Hoodie 357,3739360.0,3.6,3,M,Unisex,2025-05-18 18:15:03
357,Pants 358,8479520.0,3.9,3,L,Men,2025-05-18 18:15:03
358,Outerwear 359,1696480.0,4.3,3,XL,Women,2025-05-18 18:15:03
359,Jacket 360,8788320.0,4.8,3,XXL,Unisex,2025-05-18 18:15:03
361,T-shirt 362,4776800.0,5.0,3,M,Women,2025-05-18 18:15:03
362,Hoodie 363,1171360.0,3.2,3,L,Unisex,2025-05-18 18:15:03
363,Pants 364,4972800.0,4.8,3,XL,Men,2025-05-18 18:15:03
364,Outerwear 365,6956480.0,4.5,3,XXL,Women,2025-05-18 18:15:03
365,Jacket 366,5854880.0,4.9,3,S,Unisex,2025-05-18 18:15:03
366,Crewneck 367,8359360.000000001,4.9,3,M,Men,2025-05-18 18:15:03
367,T-shirt 368,965120.0,3.2,3,L,Women,2025-05-18 18:15:03
368,Hoodie 369,7204960.0,4.7,3,XL,Unisex,2025-05-18 18:15:03
369,Pants 370,4559680.0,3.6,3,XXL,Men,2025-05-18 18:15:03
371,Jacket 372,5052960.0,3.6,3,M,Unisex,2025-05-18 18:15:03
372,Crewneck 373,2231040.0,3.6,3,L,Men,2025-05-18 18:15:03
373,T-shirt 374,7697120.0,3.9,3,XL,Women,2025-05-18 18:15:03
374,Hoodie 375,7027520.0,3.9,3,XXL,Unisex,2025-05-18 18:15:03
376,Outerwear 377,6802080.0,4.8,3,M,Women,2025-05-18 18:15:03
377,Jacket 378,3402400.0,3.6,3,L,Unisex,2025-05-18 18:15:03
378,Crewneck 379,3963200.0,4.4,3,XL,Men,2025-05-18 18:15:03
379,T-shirt 380,2547040.0,3.8,3,XXL,Women,2025-05-18 18:15:03
381,Pants 382,1356160.0,4.4,3,M,Men,2025-05-18 18:15:03
382,Outerwear 383,3431040.0,3.4,3,L,Women,2025-05-18 18:15:03
383,Jacket 384,1452960.0,3.3,3,XL,Unisex,2025-05-18 18:15:03
384,Crewneck 385,7950720.0,4.9,3,XXL,Men,2025-05-18 18:15:03
385,T-shirt 386,4793600.0,4.6,3,S,Women,2025-05-18 18:15:03
386,Hoodie 387,8418080.0,4.2,3,M,Unisex,2025-05-18 18:15:03
387,Pants 388,931200.0,3.1,3,L,Men,2025-05-18 18:15:03
388,Outerwear 389,2883200.0,5.0,3,XL,Women,2025-05-18 18:15:03
389,Jacket 390,5432960.0,3.3,3,XXL,Unisex,2025-05-18 18:15:03
391,T-shirt 392,1226080.0,4.4,3,M,Women,2025-05-18 18:15:03
392,Hoodie 393,4068480.0,3.2,3,L,Unisex,2025-05-18 18:15:03
393,Pants 394,3540000.0,3.3,3,XL,Men,2025-05-18 18:15:03
394,Outerwear 395,3098720.0,4.0,3,XXL,Women,2025-05-18 18:15:03
395,Jacket 396,2505280.0,3.9,3,S,Unisex,2025-05-18 18:15:03
396,Crewneck 397,855360.0,3.6,3,M,Men,2025-05-18 18:15:03
397,T-shirt 398,4592800.0,4.7,3,L,Women,2025-05-18 18:15:03
398,Hoodie 399,2523520.0,3.6,3,XL,Unisex,2025-05-18 18:15:03
399,Pants 400,6020640.0,4.7,3,XXL,Men,2025-05-18 18:15:03
401,Jacket 402,2029120.0,4.6,3,M,Unisex,2025-05-18 18:15:03
402,Crewneck 403,1580320.0,4.1,3,L,Men,2025-05-18 18:15:03
403,T-shirt 404,3501120.0,4.9,3,XL,Women,2025-05-18 18:15:03
404,Hoodie 405,5080160.0,3.8,3,XXL,Unisex,2025-05-18 18:15:03
406,Outerwear 407,2761280.0,3.7,3,M,Women,2025-05-18 18:15:03
407,Jacket 408,4176000.0,4.9,3,L,Unisex,2025-05-18 18:15:03
408,Crewneck 409,3221760.0,3.5,3,XL,Men,2025-05-18 18:15:03
409,T-shirt 410,1586720.0,3.1,3,XXL,Women,2025-05-18 18:15:03
411,Pants 412,5438240.0,4.4,3,M,Men,2025-05-18 18:15:03
412,Outerwear 413,1306400.0,3.4,3,L,Women,2025-05-18 18:15:03
413,Jacket 414,2234720.0,3.7,3,XL,Unisex,2025-05-18 18:15:03
414,Crewneck 415,3617440.0,3.1,3,XXL,Men,2025-05-18 18:15:03
415,T-shirt 416,4454080.0,3.1,3,S,Women,2025-05-18 18:15:03
416,Hoodie 417,2769440.0,4.6,3,M,Unisex,2025-05-18 18:15:03
417,Pants 418,6307840.0,5.0,3,L,Men,2025-05-18 18:15:03
418,Outerwear 419,7004000.0,5.0,3,XL,Women,2025-05-18 18:15:03
419,Jacket 420,2472640.0,3.1,3,XXL,Unisex,2025-05-18 18:15:03
421,T-shirt 422,924320.0,3.9,3,M,Women,2025-05-18 18:15:03
422,Hoodie 423,4601760.0,3.7,3,L,Unisex,2025-05-18 18:15:03
423,Pants 424,3865760.0,4.4,3,XL,Men,2025-05-18 18:15:03
424,Outerwear 425,2528480.0,4.8,3,XXL,Women,2025-05-18 18:15:03
425,Jacket 426,3462400.0,3.4,3,S,Unisex,2025-05-18 18:15:03
426,Crewneck 427,6375200.0,3.3,3,M,Men,2025-05-18 18:15:03
427,T-shirt 428,7053120.0,4.9,3,L,Women,2025-05-18 18:15:03
428,Hoodie 429,1658560.0,4.9,3,XL,Unisex,2025-05-18 18:15:03
429,Pants 430,1442080.0,3.9,3,XXL,Men,2025-05-18 18:15:03
431,Jacket 432,2151840.0,4.5,3,M,Unisex,2025-05-18 18:15:03
432,Crewneck 433,3872480.0,4.2,3,L,Men,2025-05-18 18:15:03
433,T-shirt 434,6557120.0,4.9,3,XL,Women,2025-05-18 18:15:03
434,Hoodie 435,1015680.0,4.0,3,XXL,Unisex,2025-05-18 18:15:03
436,Outerwear 437,1016800.0,3.9,3,M,Women,2025-05-18 18:15:03
437,Jacket 438,2453120.0,4.5,3,L,Unisex,2025-05-18 18:15:03
438,Crewneck 439,4005440.0,3.2,3,XL,Men,2025-05-18 18:15:03
439,T-shirt 440,5326080.0,3.0,3,XXL,Women,2025-05-18 18:15:03
441,Pants 442,4701600.0,4.3,3,M,Men,2025-05-18 18:15:03
442,Outerwear 443,7262720.0,4.2,3,L,Women,2025-05-18 18:15:03
443,Jacket 444,4016960.0,3.3,3,XL,Unisex,2025-05-18 18:15:03
444,Crewneck 445,3574240.0,4.5,3,XXL,Men,2025-05-18 18:15:03
445,T-shirt 446,7740160.0,3.2,3,S,Women,2025-05-18 18:15:03
446,Hoodie 447,4748640.0,4.0,3,M,Unisex,2025-05-18 18:15:03
447,Pants 448,820160.0,4.4,3,L,Men,2025-05-18 18:15:03
448,Outerwear 449,6410080.0,4.0,3,XL,Women,2025-05-18 18:15:03
449,Jacket 450,8754880.0,3.1,3,XXL,Unisex,2025-05-18 18:15:03
451,T-shirt 452,6892800.0,4.4,3,M,Women,2025-05-18 18:15:03
452,Hoodie 453,6576960.0,4.2,3,L,Unisex,2025-05-18 18:15:03
453,Pants 454,2179520.0,5.0,3,XL,Men,2025-05-18 18:15:03
454,Outerwear 455,1094080.0,4.8,3,XXL,Women,2025-05-18 18:15:03
455,Jacket 456,8096000.0,4.1,3,S,Unisex,2025-05-18 18:15:03
456,Crewneck 457,7342880.0,4.8,3,M,Men,2025-05-18 18:15:03
457,T-shirt 458,4240000.0,4.4,3,L,Women,2025-05-18 18:15:03
458,Hoodie 459,3237280.0,3.5,3,XL,Unisex,2025-05-18 18:15:03
459,Pants 460,1880800.0,3.6,3,XXL,Men,2025-05-18 18:15:03
461,Jacket 462,6767840.0,4.5,3,M,Unisex,2025-05-18 18:15:03
462,Crewneck 463,7539520.0,4.5,3,L,Men,2025-05-18 18:15:03
463,T-shirt 464,6070080.0,4.5,3,XL,Women,2025-05-18 18:15:03
464,Hoodie 465,6164320.0,4.7,3,XXL,Unisex,2025-05-18 18:15:03
466,Outerwear 467,1325920.0,3.5,3,M,Women,2025-05-18 18:15:03
467,Jacket 468,4584960.0,3.7,3,L,Unisex,2025-05-18 18:15:03
468,Crewneck 469,1738880.0,4.2,3,XL,Men,2025-05-18 18:15:03
469,T-shirt 470,7738880.0,3.1,3,XXL,Women,2025-05-18 18:15:03
471,Pants 472,3902080.0,3.1,3,M,Men,2025-05-18 18:15:03
472,Outerwear 473,5478080.0,4.2,3,L,Women,2025-05-18 18:15:03
473,Jacket 474,5864960.0,4.7,3,XL,Unisex,2025-05-18 18:15:03
474,Crewneck 475,7017280.0,4.6,3,XXL,Men,2025-05-18 18:15:03
475,T-shirt 476,3986240.0,4.3,3,S,Women,2025-05-18 18:15:03
476,Hoodie 477,6626080.0,4.2,3,M,Unisex,2025-05-18 18:15:03
477,Pants 478,4912000.0,3.8,3,L,Men,2025-05-18 18:15:03
478,Outerwear 479,7302400.0,4.4,3,XL,Women,2025-05-18 18:15:03
479,Jacket 480,4986240.0,4.2,3,XXL,Unisex,2025-05-18 18:15:03
481,T-shirt 482,3352480.0,4.8,3,M,Women,2025-05-18 18:15:03
482,Hoodie 483,4035040.0,4.2,3,L,Unisex,2025-05-18 18:15:03
483,Pants 484,6428640.0,4.1,3,XL,Men,2025-05-18 18:15:03
484,Outerwear 485,4044480.0,4.7,3,XXL,Women,2025-05-18 18:15:03
485,Jacket 486,2573760.0,3.0,3,S,Unisex,2025-05-18 18:15:03
486,Crewneck 487,6955520.0,3.7,3,M,Men,2025-05-18 18:15:03
487,T-shirt 488,8789760.0,3.8,3,L,Women,2025-05-18 18:15:03
488,Hoodie 489,3554560.0,5.0,3,XL,Unisex,2025-05-18 18:15:03
489,Pants 490,7081600.0,3.1,3,XXL,Men,2025-05-18 18:15:03
491,Jacket 492,6011840.0,3.0,3,M,Unisex,2025-05-18 18:15:03
492,Crewneck 493,5071520.0,4.8,3,L,Men,2025-05-18 18:15:03
493,T-shirt 494,1390080.0,3.4,3,XL,Women,2025-05-18 18:15:03
494,Hoodie 495,1663200.0,4.5,3,XXL,Unisex,2025-05-18 18:15:03
496,Outerwear 497,3957760.0,4.4,3,M,Women,2025-05-18 18:15:03
497,Jacket 498,4412800.0,4.6,3,L,Unisex,2025-05-18 18:15:03
498,Crewneck 499,7825920.0,4.1,3,XL,Men,2025-05-18 18:15:03
499,T-shirt 500,8114400.0,4.2,3,XXL,Women,2025-05-18 18:15:03
501,Pants 502,7132480.0,4.4,3,M,Men,2025-05-18 18:15:03
502,Outerwear 503,4924480.0,4.8,3,L,Women,2025-05-18 18:15:03
503,Jacket 504,8024480.0,5.0,3,XL,Unisex,2025-05-18 18:15:03
504,Crewneck 505,8747680.0,4.3,3,XXL,Men,2025-05-18 18:15:03
505,T-shirt 506,8572000.0,3.6,3,S,Women,2025-05-18 18:15:03
506,Hoodie 507,6844000.0,4.7,3,M,Unisex,2025-05-18 18:15:03
507,Pants 508,7766080.0,3.5,3,L,Men,2025-05-18 18:15:03
508,Outerwear 509,7178400.0,3.1,3,XL,Women,2025-05-18 18:15:03
509,Jacket 510,1562080.0,3.4,3,XXL,Unisex,2025-05-18 18:15:03
511,T-shirt 512,4319680.0,3.7,3,M,Women,2025-05-18 18:15:03
512,Hoodie 513,1693760.0,4.4,3,L,Unisex,2025-05-18 18:15:03
513,Pants 514,6888960.0,3.9,3,XL,Men,2025-05-18 18:15:03
514,Outerwear 515,7262560.0,3.1,3,XXL,Women,2025-05-18 18:15:03
515,Jacket 516,7130720.0,3.4,3,S,Unisex,2025-05-18 18:15:03
516,Crewneck 517,1069280.0,3.5,3,M,Men,2025-05-18 18:15:03
517,T-shirt 518,2575680.0,4.1,3,L,Women,2025-05-18 18:15:03
518,Hoodie 519,2236160.0,4.5,3,XL,Unisex,2025-05-18 18:15:03
519,Pants 520,2308320.0,3.8,3,XXL,Men,2025-05-18 18:15:03
521,Jacket 522,6292960.0,4.0,3,M,Unisex,2025-05-18 18:15:03
522,Crewneck 523,3626720.0,4.6,3,L,Men,2025-05-18 18:15:03
523,T-shirt 524,936000.0,3.8,3,XL,Women,2025-05-18 18:15:03
524,Hoodie 525,7919040.0,3.6,3,XXL,Unisex,2025-05-18 18:15:03
526,Outerwear 527,4669280.0,3.6,3,M,Women,2025-05-18 18:15:03
527,Jacket 528,5595840.0,4.0,3,L,Unisex,2025-05-18 18:15:03
528,Crewneck 529,1420160.0,3.2,3,XL,Men,2025-05-18 18:15:03
529,T-shirt 530,6173760.0,3.3,3,XXL,Women,2025-05-18 18:15:03
531,Pants 532,8391200.0,4.1,3,M,Men,2025-05-18 18:15:03
532,Outerwear 533,3370240.0,4.2,3,L,Women,2025-05-18 18:15:03
533,Jacket 534,3479200.0,3.7,3,XL,Unisex,2025-05-18 18:15:03
534,Crewneck 535,3901280.0,3.7,3,XXL,Men,2025-05-18 18:15:03
535,T-shirt 536,5092480.0,3.0,3,S,Women,2025-05-18 18:15:03
536,Hoodie 537,8671840.0,3.1,3,M,Unisex,2025-05-18 18:15:03
537,Pants 538,6134240.0,3.4,3,L,Men,2025-05-18 18:15:03
538,Outerwear 539,4692640.0,4.7,3,XL,Women,2025-05-18 18:15:03
539,Jacket 540,7051840.0,4.4,3,XXL,Unisex,2025-05-18 18:15:03
541,T-shirt 542,4761440.0,3.5,3,M,Women,2025-05-18 18:15:03
542,Hoodie 543,8715680.0,4.7,3,L,Unisex,2025-05-18 18:15:03
543,Pants 544,5957760.0,3.1,3,XL,Men,2025-05-18 18:15:03
544,Outerwear 545,3579360.0,4.0,3,XXL,Women,2025-05-18 18:15:03
545,Jacket 546,6271520.0,3.3,3,S,Unisex,2025-05-18 18:15:03
546,Crewneck 547,5361120.0,3.9,3,M,Men,2025-05-18 18:15:03
547,T-shirt 548,2686240.0,4.6,3,L,Women,2025-05-18 18:15:03
548,Hoodie 549,2687200.0,3.7,3,XL,Unisex,2025-05-18 18:15:03
549,Pants 550,4450080.0,4.9,3,XXL,Men,2025-05-18 18:15:03
551,Jacket 552,5380320.0,4.1,3,M,Unisex,2025-05-18 18:15:03
552,Crewneck 553,7760800.0,3.8,3,L,Men,2025-05-18 18:15:03
553,T-shirt 554,4001120.0,4.5,3,XL,Women,2025-05-18 18:15:03
554,Hoodie 555,1809600.0,3.0,3,XXL,Unisex,2025-05-18 18:15:03
556,Outerwear 557,5460480.0,3.4,3,M,Women,2025-05-18 18:15:03
557,Jacket 558,5007040.0,4.0,3,L,Unisex,2025-05-18 18:15:03
558,Crewneck 559,1590880.0,3.5,3,XL,Men,2025-05-18 18:15:03
559,T-shirt 560,6885280.0,4.2,3,XXL,Women,2025-05-18 18:15:03
561,Pants 562,3724160.0,4.5,3,M,Men,2025-05-18 18:15:03
562,Outerwear 563,8197440.000000001,4.7,3,L,Women,2025-05-18 18:15:03
563,Jacket 564,8319200.000000001,4.3,3,XL,Unisex,2025-05-18 18:15:03
564,Crewneck 565,7635200.0,3.5,3,XXL,Men,2025-05-18 18:15:03
565,T-shirt 566,2611360.0,4.6,3,S,Women,2025-05-18 18:15:03
566,Hoodie 567,4576160.0,3.2,3,M,Unisex,2025-05-18 18:15:03
567,Pants 568,2984160.0,3.3,3,L,Men,2025-05-18 18:15:03
568,Outerwear 569,4966880.0,4.7,3,XL,Women,2025-05-18 18:15:03
569,Jacket 570,4000960.0,3.9,3,XXL,Unisex,2025-05-18 18:15:03
571,T-shirt 572,4756320.0,3.2,3,M,Women,2025-05-18 18:15:03
572,Hoodie 573,6954080.0,4.5,3,L,Unisex,2025-05-18 18:15:03
573,Pants 574,2424000.0,3.8,3,XL,Men,2025-05-18 18:15:03
574,Outerwear 575,3517760.0,3.4,3,XXL,Women,2025-05-18 18:15:03
575,Jacket 576,805600.0,3.5,3,S,Unisex,2025-05-18 18:15:03
576,Crewneck 577,7873920.0,3.3,3,M,Men,2025-05-18 18:15:03
577,T-shirt 578,7958880.0,4.1,3,L,Women,2025-05-18 18:15:03
578,Hoodie 579,4428640.0,4.4,3,XL,Unisex,2025-05-18 18:15:03
579,Pants 580,2625440.0,3.3,3,XXL,Men,2025-05-18 18:15:03
581,Jacket 582,4112160.0,4.1,3,M,Unisex,2025-05-18 18:15:03
582,Crewneck 583,5737760.0,4.5,3,L,Men,2025-05-18 18:15:03
583,T-shirt 584,6964960.0,4.8,3,XL,Women,2025-05-18 18:15:03
584,Hoodie 585,6186880.0,4.9,3,XXL,Unisex,2025-05-18 18:15:03
586,Outerwear 587,4424960.0,4.4,3,M,Women,2025-05-18 18:15:03
587,Jacket 588,4963040.0,4.7,3,L,Unisex,2025-05-18 18:15:03
588,Crewneck 589,931840.0,4.7,3,XL,Men,2025-05-18 18:15:03
589,T-shirt 590,6457120.0,3.9,3,XXL,Women,2025-05-18 18:15:03
591,Pants 592,6805440.0,4.3,3,M,Men,2025-05-18 18:15:03
592,Outerwear 593,7163840.0,3.9,3,L,Women,2025-05-18 18:15:03
593,Jacket 594,8707680.0,4.2,3,XL,Unisex,2025-05-18 18:15:03
594,Crewneck 595,3723840.0,3.5,3,XXL,Men,2025-05-18 18:15:03
595,T-shirt 596,8290400.0,4.4,3,S,Women,2025-05-18 18:15:03
596,Hoodie 597,7969440.0,3.3,3,M,Unisex,2025-05-18 18:15:03
597,Pants 598,4714080.0,4.1,3,L,Men,2025-05-18 18:15:03
598,Outerwear 599,1179040.0,3.3,3,XL,Women,2025-05-18 18:15:03
599,Jacket 600,6414080.0,3.0,3,XXL,Unisex,2025-05-18 18:15:03
601,T-shirt 602,2260960.0,4.4,3,M,Women,2025-05-18 18:15:03
602,Hoodie 603,7511520.0,3.1,3,L,Unisex,2025-05-18 18:15:03
603,Pants 604,7662240.0,4.3,3,XL,Men,2025-05-18 18:15:03
604,Outerwear 605,1710720.0,3.7,3,XXL,Women,2025-05-18 18:15:03
605,Jacket 606,5770720.0,4.6,3,S,Unisex,2025-05-18 18:15:03
606,Crewneck 607,3857600.0,3.1,3,M,Men,2025-05-18 18:15:03
607,T-shirt 608,7047840.0,4.6,3,L,Women,2025-05-18 18:15:03
608,Hoodie 609,2956320.0,4.1,3,XL,Unisex,2025-05-18 18:15:03
609,Pants 610,4515360.0,3.3,3,XXL,Men,2025-05-18 18:15:03
611,Jacket 612,3202720.0,3.1,3,M,Unisex,2025-05-18 18:15:03
612,Crewneck 613,1013920.0,3.6,3,L,Men,2025-05-18 18:15:03
613,T-shirt 614,2428160.0,3.1,3,XL,Women,2025-05-18 18:15:03
614,Hoodie 615,4798720.0,4.8,3,XXL,Unisex,2025-05-18 18:15:03
616,Outerwear 617,1765920.0,4.3,3,M,Women,2025-05-18 18:15:03
617,Jacket 618,6474080.0,3.3,3,L,Unisex,2025-05-18 18:15:03
618,Crewneck 619,8340639.999999999,4.4,3,XL,Men,2025-05-18 18:15:03
619,T-shirt 620,2270240.0,3.3,3,XXL,Women,2025-05-18 18:15:03
621,Pants 622,4849600.0,3.5,3,M,Men,2025-05-18 18:15:03
622,Outerwear 623,7299520.0,4.6,3,L,Women,2025-05-18 18:15:03
623,Jacket 624,6943200.0,3.9,3,XL,Unisex,2025-05-18 18:15:03
624,Crewneck 625,7826400.0,4.1,3,XXL,Men,2025-05-18 18:15:03
625,T-shirt 626,7777440.0,4.5,3,S,Women,2025-05-18 18:15:03
626,Hoodie 627,1232320.0,3.2,3,M,Unisex,2025-05-18 18:15:03
627,Pants 628,8113120.0,4.3,3,L,Men,2025-05-18 18:15:03
628,Outerwear 629,3997920.0,4.4,3,XL,Women,2025-05-18 18:15:03
629,Jacket 630,1003680.0,3.8,3,XXL,Unisex,2025-05-18 18:15:03
631,T-shirt 632,4314240.0,3.6,3,M,Women,2025-05-18 18:15:03
632,Hoodie 633,3128000.0,3.1,3,L,Unisex,2025-05-18 18:15:03
633,Pants 634,8535680.0,3.9,3,XL,Men,2025-05-18 18:15:03
634,Outerwear 635,6897120.0,4.1,3,XXL,Women,2025-05-18 18:15:03
635,Jacket 636,3476320.0,4.5,3,S,Unisex,2025-05-18 18:15:03
636,Crewneck 637,6030240.0,4.0,3,M,Men,2025-05-18 18:15:03
637,T-shirt 638,5220960.0,4.6,3,L,Women,2025-05-18 18:15:03
638,Hoodie 639,6782720.0,4.7,3,XL,Unisex,2025-05-18 18:15:03
639,Pants 640,3038560.0,3.8,3,XXL,Men,2025-05-18 18:15:03
641,Jacket 642,7747360.0,4.7,3,M,Unisex,2025-05-18 18:15:03
642,Crewneck 643,6116000.0,3.2,3,L,Men,2025-05-18 18:15:03
643,T-shirt 644,7479360.0,4.2,3,XL,Women,2025-05-18 18:15:03
644,Hoodie 645,3285440.0,3.3,3,XXL,Unisex,2025-05-18 18:15:03
646,Outerwear 647,4304960.0,3.8,3,M,Women,2025-05-18 18:15:03
647,Jacket 648,8699520.0,4.5,3,L,Unisex,2025-05-18 18:15:03
648,Crewneck 649,8588160.0,3.2,3,XL,Men,2025-05-18 18:15:03
649,T-shirt 650,8012800.0,3.4,3,XXL,Women,2025-05-18 18:15:03
651,Pants 652,6084960.0,3.3,3,M,Men,2025-05-18 18:15:03
652,Outerwear 653,2622080.0,4.0,3,L,Women,2025-05-18 18:15:03
653,Jacket 654,4089440.0,4.7,3,XL,Unisex,2025-05-18 18:15:03
654,Crewneck 655,1834240.0,4.1,3,XXL,Men,2025-05-18 18:15:03
655,T-shirt 656,2538720.0,4.2,3,S,Women,2025-05-18 18:15:03
656,Hoodie 657,8459040.0,4.8,3,M,Unisex,2025-05-18 18:15:03
657,Pants 658,6268320.0,3.8,3,L,Men,2025-05-18 18:15:03
658,Outerwear 659,1817920.0,3.3,3,XL,Women,2025-05-18 18:15:03
659,Jacket 660,8715200.0,3.5,3,XXL,Unisex,2025-05-18 18:15:03
661,T-shirt 662,1422720.0,4.5,3,M,Women,2025-05-18 18:15:03
662,Hoodie 663,7087200.0,4.0,3,L,Unisex,2025-05-18 18:15:03
663,Pants 664,8248639.999999999,3.5,3,XL,Men,2025-05-18 18:15:03
664,Outerwear 665,4033600.0,3.2,3,XXL,Women,2025-05-18 18:15:03
665,Jacket 666,4844000.0,3.9,3,S,Unisex,2025-05-18 18:15:03
666,Crewneck 667,1756640.0,3.7,3,M,Men,2025-05-18 18:15:03
667,T-shirt 668,5044640.0,3.7,3,L,Women,2025-05-18 18:15:03
668,Hoodie 669,2346080.0,3.3,3,XL,Unisex,2025-05-18 18:15:03
669,Pants 670,8406720.0,4.8,3,XXL,Men,2025-05-18 18:15:03
671,Jacket 672,4776160.0,4.5,3,M,Unisex,2025-05-18 18:15:03
672,Crewneck 673,2803360.0,4.7,3,L,Men,2025-05-18 18:15:03
673,T-shirt 674,3156640.0,3.1,3,XL,Women,2025-05-18 18:15:03
674,Hoodie 675,4314880.0,3.2,3,XXL,Unisex,2025-05-18 18:15:03
676,Outerwear 677,4657440.0,3.3,3,M,Women,2025-05-18 18:15:03
677,Jacket 678,2777120.0,4.3,3,L,Unisex,2025-05-18 18:15:03
678,Crewneck 679,6373120.0,3.2,3,XL,Men,2025-05-18 18:15:03
679,T-shirt 680,8164800.0,3.2,3,XXL,Women,2025-05-18 18:15:03
681,Pants 682,7616480.0,3.9,3,M,Men,2025-05-18 18:15:03
682,Outerwear 683,3907360.0,3.6,3,L,Women,2025-05-18 18:15:03
683,Jacket 684,7102560.0,3.5,3,XL,Unisex,2025-05-18 18:15:03
684,Crewneck 685,1495840.0,4.6,3,XXL,Men,2025-05-18 18:15:03
685,T-shirt 686,5381760.0,3.8,3,S,Women,2025-05-18 18:15:03
686,Hoodie 687,4220800.0,4.7,3,M,Unisex,2025-05-18 18:15:03
687,Pants 688,1487520.0,4.4,3,L,Men,2025-05-18 18:15:03
688,Outerwear 689,1939040.0,4.6,3,XL,Women,2025-05-18 18:15:03
689,Jacket 690,8782560.0,4.7,3,XXL,Unisex,2025-05-18 18:15:03
691,T-shirt 692,1416480.0,4.1,3,M,Women,2025-05-18 18:15:03
692,Hoodie 693,3031680.0,4.1,3,L,Unisex,2025-05-18 18:15:03
693,Pants 694,2466720.0,3.4,3,XL,Men,2025-05-18 18:15:03
694,Outerwear 695,959360.0,3.3,3,XXL,Women,2025-05-18 18:15:03
695,Jacket 696,5146240.0,4.2,3,S,Unisex,2025-05-18 18:15:03
696,Crewneck 697,6545120.0,5.0,3,M,Men,2025-05-18 18:15:03
697,T-shirt 698,2444960.0,4.1,3,L,Women,2025-05-18 18:15:03
698,Hoodie 699,5250240.0,4.5,3,XL,Unisex,2025-05-18 18:15:03
699,Pants 700,3526560.0,4.3,3,XXL,Men,2025-05-18 18:15:03
701,Jacket 702,4927680.0,4.3,3,M,Unisex,2025-05-18 18:15:03
702,Crewneck 703,2949120.0,4.2,3,L,Men,2025-05-18 18:15:03
703,T-shirt 704,6214240.0,4.1,3,XL,Women,2025-05-18 18:15:03
704,Hoodie 705,3042880.0,3.1,3,XXL,Unisex,2025-05-18 18:15:03
706,Outerwear 707,7746240.0,4.4,3,M,Women,2025-05-18 18:15:03
707,Jacket 708,8541280.0,4.3,3,L,Unisex,2025-05-18 18:15:03
708,Crewneck 709,7022400.0,3.9,3,XL,Men,2025-05-18 18:15:03
709,T-shirt 710,3751520.0,3.2,3,XXL,Women,2025-05-18 18:15:03
711,Pants 712,1510400.0,4.1,3,M,Men,2025-05-18 18:15:03
712,Outerwear 713,3142880.0,4.4,3,L,Women,2025-05-18 18:15:03
713,Jacket 714,892320.0,3.1,3,XL,Unisex,2025-05-18 18:15:03
714,Crewneck 715,7021760.0,3.9,3,XXL,Men,2025-05-18 18:15:03
715,T-shirt 716,3602560.0,4.9,3,S,Women,2025-05-18 18:15:03
716,Hoodie 717,1532800.0,3.6,3,M,Unisex,2025-05-18 18:15:03
717,Pants 718,4057120.0,3.2,3,L,Men,2025-05-18 18:15:03
718,Outerwear 719,3172960.0,4.7,3,XL,Women,2025-05-18 18:15:03
719,Jacket 720,2028320.0,3.8,3,XXL,Unisex,2025-05-18 18:15:03
721,T-shirt 722,8724320.0,3.2,3,M,Women,2025-05-18 18:15:03
722,Hoodie 723,5664800.0,3.4,3,L,Unisex,2025-05-18 18:15:03
723,Pants 724,4824800.0,4.7,3,XL,Men,2025-05-18 18:15:03
724,Outerwear 725,4979200.0,3.0,3,XXL,Women,2025-05-18 18:15:03
725,Jacket 726,6345920.0,3.5,3,S,Unisex,2025-05-18 18:15:03
726,Crewneck 727,4024000.0,4.8,3,M,Men,2025-05-18 18:15:03
727,T-shirt 728,8173440.0,3.0,3,L,Women,2025-05-18 18:15:03
728,Hoodie 729,6431360.0,3.6,3,XL,Unisex,2025-05-18 18:15:03
729,Pants 730,7228800.0,4.5,3,XXL,Men,2025-05-18 18:15:03
731,Jacket 732,6597600.0,3.9,3,M,Unisex,2025-05-18 18:15:03
732,Crewneck 733,1162880.0,4.7,3,L,Men,2025-05-18 18:15:03
733,T-shirt 734,6858560.0,4.2,3,XL,Women,2025-05-18 18:15:03
734,Hoodie 735,4664320.0,4.0,3,XXL,Unisex,2025-05-18 18:15:03
736,Outerwear 737,1015680.0,4.7,3,M,Women,2025-05-18 18:15:03
737,Jacket 738,1893920.0,3.7,3,L,Unisex,2025-05-18 18:15:03
738,Crewneck 739,8072960.0,3.3,3,XL,Men,2025-05-18 18:15:03
739,T-shirt 740,7016640.0,3.4,3,XXL,Women,2025-05-18 18:15:03
741,Pants 742,5626080.0,3.6,3,M,Men,2025-05-18 18:15:03
742,Outerwear 743,5678080.0,3.0,3,L,Women,2025-05-18 18:15:03
743,Jacket 744,5175680.0,4.1,3,XL,Unisex,2025-05-18 18:15:03
744,Crewneck 745,2882560.0,3.8,3,XXL,Men,2025-05-18 18:15:03
745,T-shirt 746,1517440.0,5.0,3,S,Women,2025-05-18 18:15:03
746,Hoodie 747,6326880.0,4.7,3,M,Unisex,2025-05-18 18:15:03
747,Pants 748,3134080.0,3.7,3,L,Men,2025-05-18 18:15:03
748,Outerwear 749,2627360.0,3.2,3,XL,Women,2025-05-18 18:15:03
749,Jacket 750,1030400.0000000001,3.7,3,XXL,Unisex,2025-05-18 18:15:03
751,T-shirt 752,7431520.0,3.8,3,M,Women,2025-05-18 18:15:03
752,Hoodie 753,8137600.0,4.8,3,L,Unisex,2025-05-18 18:15:03
753,Pants 754,7229760.0,3.1,3,XL,Men,2025-05-18 18:15:03
754,Outerwear 755,6910400.0,4.6,3,XXL,Women,2025-05-18 18:15:03
755,Jacket 756,7128000.0,3.1,3,S,Unisex,2025-05-18 18:15:03
756,Crewneck 757,7582720.0,4.4,3,M,Men,2025-05-18 18:15:03
757,T-shirt 758,6025920.0,3.1,3,L,Women,2025-05-18 18:15:03
758,Hoodie 759,2779840.0,4.7,3,XL,Unisex,2025-05-18 18:15:03
759,Pants 760,2191040.0,4.1,3,XXL,Men,2025-05-18 18:15:03
761,Jacket 762,4091840.0,4.9,3,M,Unisex,2025-05-18 18:15:03
762,Crewneck 763,5792640.0,3.9,3,L,Men,2025-05-18 18:15:03
763,T-shirt 764,7211680.0,3.4,3,XL,Women,2025-05-18 18:15:03
764,Hoodie 765,1343360.0,4.9,3,XXL,Unisex,2025-05-18 18:15:03
766,Outerwear 767,4152800.0,4.5,3,M,Women,2025-05-18 18:15:03
767,Jacket 768,5662080.0,4.9,3,L,Unisex,2025-05-18 18:15:03
768,Crewneck 769,6294560.0,3.3,3,XL,Men,2025-05-18 18:15:03
769,T-shirt 770,1655040.0,3.5,3,XXL,Women,2025-05-18 18:15:03
771,Pants 772,8748160.0,3.4,3,M,Men,2025-05-18 18:15:03
772,Outerwear 773,3393600.0,3.2,3,L,Women,2025-05-18 18:15:03
773,Jacket 774,1485760.0,4.1,3,XL,Unisex,2025-05-18 18:15:03
774,Crewneck 775,8189440.0,3.1,3,XXL,Men,2025-05-18 18:15:03
775,T-shirt 776,5333120.0,3.7,3,S,Women,2025-05-18 18:15:03
776,Hoodie 777,6104800.0,3.4,3,M,Unisex,2025-05-18 18:15:03
777,Pants 778,6034720.0,4.2,3,L,Men,2025-05-18 18:15:03
778,Outerwear 779,5816480.0,3.2,3,XL,Women,2025-05-18 18:15:03
779,Jacket 780,2767520.0,3.4,3,XXL,Unisex,2025-05-18 18:15:03
781,T-shirt 782,4117439.9999999995,4.5,3,M,Women,2025-05-18 18:15:03
782,Hoodie 783,2510720.0,3.0,3,L,Unisex,2025-05-18 18:15:03
783,Pants 784,5341280.0,3.0,3,XL,Men,2025-05-18 18:15:03
784,Outerwear 785,6444480.0,4.3,3,XXL,Women,2025-05-18 18:15:03
785,Jacket 786,6749280.0,5.0,3,S,Unisex,2025-05-18 18:15:03
786,Crewneck 787,4593600.0,4.7,3,M,Men,2025-05-18 18:15:03
787,T-shirt 788,3041120.0,4.7,3,L,Women,2025-05-18 18:15:03
788,Hoodie 789,2153280.0,4.0,3,XL,Unisex,2025-05-18 18:15:03
789,Pants 790,1708320.0,3.2,3,XXL,Men,2025-05-18 18:15:03
791,Jacket 792,4068960.0,3.8,3,M,Unisex,2025-05-18 18:15:03
792,Crewneck 793,8650080.0,4.0,3,L,Men,2025-05-18 18:15:03
793,T-shirt 794,5983040.0,4.0,3,XL,Women,2025-05-18 18:15:03
794,Hoodie 795,4209600.0,3.9,3,XXL,Unisex,2025-05-18 18:15:03
796,Outerwear 797,2771360.0,4.9,3,M,Women,2025-05-18 18:15:03
797,Jacket 798,4391040.0,3.4,3,L,Unisex,2025-05-18 18:15:03
798,Crewneck 799,4048800.0,4.2,3,XL,Men,2025-05-18 18:15:03
799,T-shirt 800,7433280.0,4.6,3,XXL,Women,2025-05-18 18:15:03
801,Pants 802,5710240.0,4.4,3,M,Men,2025-05-18 18:15:03
802,Outerwear 803,1875360.0,4.3,3,L,Women,2025-05-18 18:15:03
803,Jacket 804,4459040.0,3.9,3,XL,Unisex,2025-05-18 18:15:03
804,Crewneck 805,3266720.0,4.8,3,XXL,Men,2025-05-18 18:15:03
805,T-shirt 806,7310560.0,3.0,3,S,Women,2025-05-18 18:15:03
806,Hoodie 807,5016000.0,4.7,3,M,Unisex,2025-05-18 18:15:03
807,Pants 808,8717760.0,3.2,3,L,Men,2025-05-18 18:15:03
808,Outerwear 809,7162560.0,3.7,3,XL,Women,2025-05-18 18:15:03
809,Jacket 810,3796640.0,4.8,3,XXL,Unisex,2025-05-18 18:15:03
811,T-shirt 812,6406080.0,4.2,3,M,Women,2025-05-18 18:15:03
812,Hoodie 813,4872800.0,5.0,3,L,Unisex,2025-05-18 18:15:03
813,Pants 814,1110080.0,4.7,3,XL,Men,2025-05-18 18:15:03
814,Outerwear 815,5985440.0,4.8,3,XXL,Women,2025-05-18 18:15:03
815,Jacket 816,1649120.0,4.5,3,S,Unisex,2025-05-18 18:15:03
816,Crewneck 817,8744160.0,4.4,3,M,Men,2025-05-18 18:15:03
817,T-shirt 818,5160320.0,3.8,3,L,Women,2025-05-18 18:15:03
818,Hoodie 819,4742400.0,4.7,3,XL,Unisex,2025-05-18 18:15:03
819,Pants 820,6030720.0,3.4,3,XXL,Men,2025-05-18 18:15:03
821,Jacket 822,838240.0,4.2,3,M,Unisex,2025-05-18 18:15:03
822,Crewneck 823,6103520.0,4.7,3,L,Men,2025-05-18 18:15:03
823,T-shirt 824,3301440.0,4.1,3,XL,Women,2025-05-18 18:15:03
824,Hoodie 825,1058400.0,3.8,3,XXL,Unisex,2025-05-18 18:15:03
826,Outerwear 827,7091040.0,4.8,3,M,Women,2025-05-18 18:15:03
827,Jacket 828,2324000.0,4.6,3,L,Unisex,2025-05-18 18:15:03
828,Crewneck 829,4630400.0,4.4,3,XL,Men,2025-05-18 18:15:03
829,T-shirt 830,4496480.0,3.0,3,XXL,Women,2025-05-18 18:15:03
831,Pants 832,3955360.0,4.6,3,M,Men,2025-05-18 18:15:03
832,Outerwear 833,7101280.0,3.0,3,L,Women,2025-05-18 18:15:03
833,Jacket 834,7223680.0,3.1,3,XL,Unisex,2025-05-18 18:15:03
834,Crewneck 835,7143360.0,3.9,3,XXL,Men,2025-05-18 18:15:03
835,T-shirt 836,6065440.0,4.1,3,S,Women,2025-05-18 18:15:03
836,Hoodie 837,5532640.0,5.0,3,M,Unisex,2025-05-18 18:15:03
837,Pants 838,2848800.0,3.1,3,L,Men,2025-05-18 18:15:03
838,Outerwear 839,4208320.0,3.9,3,XL,Women,2025-05-18 18:15:03
839,Jacket 840,8164640.0,3.6,3,XXL,Unisex,2025-05-18 18:15:03
841,T-shirt 842,2859040.0,3.3,3,M,Women,2025-05-18 18:15:03
842,Hoodie 843,2997120.0,3.6,3,L,Unisex,2025-05-18 18:15:03
843,Pants 844,7422880.0,3.9,3,XL,Men,2025-05-18 18:15:03
844,Outerwear 845,2023200.0,3.2,3,XXL,Women,2025-05-18 18:15:03
845,Jacket 846,7480480.0,3.6,3,S,Unisex,2025-05-18 18:15:03
846,Crewneck 847,4789920.0,3.7,3,M,Men,2025-05-18 18:15:03
847,T-shirt 848,6134240.0,4.1,3,L,Women,2025-05-18 18:15:03
848,Hoodie 849,7816160.0,3.5,3,XL,Unisex,2025-05-18 18:15:03
849,Pants 850,4144160.0,4.2,3,XXL,Men,2025-05-18 18:15:03
851,Jacket 852,2777280.0,4.1,3,M,Unisex,2025-05-18 18:15:03
852,Crewneck 853,2643840.0,3.4,3,L,Men,2025-05-18 18:15:03
853,T-shirt 854,1600000.0,4.5,3,XL,Women,2025-05-18 18:15:03
854,Hoodie 855,3249760.0,5.0,3,XXL,Unisex,2025-05-18 18:15:03
856,Outerwear 857,4532800.0,3.0,3,M,Women,2025-05-18 18:15:03
857,Jacket 858,3748640.0,3.7,3,L,Unisex,2025-05-18 18:15:03
858,Crewneck 859,6418560.0,3.0,3,XL,Men,2025-05-18 18:15:03
859,T-shirt 860,2419360.0,4.7,3,XXL,Women,2025-05-18 18:15:03
861,Pants 862,4131359.9999999995,3.3,3,M,Men,2025-05-18 18:15:03
862,Outerwear 863,1071360.0,4.0,3,L,Women,2025-05-18 18:15:03
863,Jacket 864,2168000.0,4.5,3,XL,Unisex,2025-05-18 18:15:03
864,Crewneck 865,6805120.0,3.9,3,XXL,Men,2025-05-18 18:15:03
865,T-shirt 866,2399040.0,3.2,3,S,Women,2025-05-18 18:15:03
866,Hoodie 867,1303840.0,3.3,3,M,Unisex,2025-05-18 18:15:03
867,Pants 868,7473760.0,4.6,3,L,Men,2025-05-18 18:15:03
868,Outerwear 869,6040320.0,4.5,3,XL,Women,2025-05-18 18:15:03
869,Jacket 870,6395040.0,3.5,3,XXL,Unisex,2025-05-18 18:15:03
871,T-shirt 872,1343680.0,4.3,3,M,Women,2025-05-18 18:15:03
872,Hoodie 873,8321600.0,4.8,3,L,Unisex,2025-05-18 18:15:03
873,Pants 874,2755200.0,4.4,3,XL,Men,2025-05-18 18:15:03
874,Outerwear 875,2506720.0,4.6,3,XXL,Women,2025-05-18 18:15:03
875,Jacket 876,3225760.0,4.6,3,S,Unisex,2025-05-18 18:15:03
876,Crewneck 877,4552640.0,4.6,3,M,Men,2025-05-18 18:15:03
877,T-shirt 878,4809760.0,4.7,3,L,Women,2025-05-18 18:15:03
878,Hoodie 879,1026880.0000000001,3.1,3,XL,Unisex,2025-05-18 18:15:03
879,Pants 880,6497760.0,4.3,3,XXL,Men,2025-05-18 18:15:03
881,Jacket 882,6420960.0,3.3,3,M,Unisex,2025-05-18 18:15:03
882,Crewneck 883,5901120.0,3.6,3,L,Men,2025-05-18 18:15:03
883,T-shirt 884,7414720.0,4.3,3,XL,Women,2025-05-18 18:15:03
884,Hoodie 885,4760640.0,3.4,3,XXL,Unisex,2025-05-18 18:15:03
886,Outerwear 887,7806400.0,3.8,3,M,Women,2025-05-18 18:15:03
887,Jacket 888,7869280.0,4.2,3,L,Unisex,2025-05-18 18:15:03
888,Crewneck 889,6333920.0,4.6,3,XL,Men,2025-05-18 18:15:03
889,T-shirt 890,6439040.0,4.7,3,XXL,Women,2025-05-18 18:15:03
891,Pants 892,8515360.0,4.4,3,M,Men,2025-05-18 18:15:03
892,Outerwear 893,2673600.0,3.2,3,L,Women,2025-05-18 18:15:03
893,Jacket 894,2946560.0,4.8,3,XL,Unisex,2025-05-18 18:15:03
894,Crewneck 895,1126720.0,4.3,3,XXL,Men,2025-05-18 18:15:03
895,T-shirt 896,7873760.0,4.9,3,S,Women,2025-05-18 18:15:03
896,Hoodie 897,6077920.0,3.1,3,M,Unisex,2025-05-18 18:15:03
897,Pants 898,8408640.0,4.1,3,L,Men,2025-05-18 18:15:03
898,Outerwear 899,6192960.0,4.8,3,XL,Women,2025-05-18 18:15:03
899,Jacket 900,7214240.0,3.3,3,XXL,Unisex,2025-05-18 18:15:03
901,T-shirt 902,3164000.0,3.6,3,M,Women,2025-05-18 18:15:03
902,Hoodie 903,2617920.0,4.1,3,L,Unisex,2025-05-18 18:15:03
903,Pants 904,3356320.0,3.9,3,XL,Men,2025-05-18 18:15:03
904,Outerwear 905,5027840.0,4.9,3,XXL,Women,2025-05-18 18:15:03
905,Jacket 906,4301760.0,3.9,3,S,Unisex,2025-05-18 18:15:03
906,Crewneck 907,8732640.0,4.9,3,M,Men,2025-05-18 18:15:03
907,T-shirt 908,7954880.0,4.2,3,L,Women,2025-05-18 18:15:03
908,Hoodie 909,8383840.0,3.6,3,XL,Unisex,2025-05-18 18:15:03
909,Pants 910,2395200.0,4.7,3,XXL,Men,2025-05-18 18:15:03
911,Jacket 912,7853280.0,4.9,3,M,Unisex,2025-05-18 18:15:03
912,Crewneck 913,3222240.0,3.5,3,L,Men,2025-05-18 18:15:03
913,T-shirt 914,5799200.0,4.6,3,XL,Women,2025-05-18 18:15:03
914,Hoodie 915,2649120.0,4.2,3,XXL,Unisex,2025-05-18 18:15:03
916,Outerwear 917,6061600.0,4.0,3,M,Women,2025-05-18 18:15:03
917,Jacket 918,5380800.0,3.3,3,L,Unisex,2025-05-18 18:15:03
918,Crewneck 919,8364000.0,4.7,3,XL,Men,2025-05-18 18:15:03
919,T-shirt 920,3706080.0,3.2,3,XXL,Women,2025-05-18 18:15:03
921,Pants 922,1210880.0,4.4,3,M,Men,2025-05-18 18:15:03
922,Outerwear 923,2435840.0,3.7,3,L,Women,2025-05-18 18:15:03
923,Jacket 924,3764320.0,3.8,3,XL,Unisex,2025-05-18 18:15:03
924,Crewneck 925,7900800.0,4.5,3,XXL,Men,2025-05-18 18:15:03
925,T-shirt 926,1911040.0,4.6,3,S,Women,2025-05-18 18:15:03
926,Hoodie 927,7706400.0,3.5,3,M,Unisex,2025-05-18 18:15:03
927,Pants 928,3911680.0,3.4,3,L,Men,2025-05-18 18:15:03
928,Outerwear 929,1253440.0,3.3,3,XL,Women,2025-05-18 18:15:03
929,Jacket 930,1741120.0,4.9,3,XXL,Unisex,2025-05-18 18:15:03
931,T-shirt 932,5937600.0,4.2,3,M,Women,2025-05-18 18:15:03
932,Hoodie 933,4960800.0,3.4,3,L,Unisex,2025-05-18 18:15:03
933,Pants 934,2248160.0,3.6,3,XL,Men,2025-05-18 18:15:03
934,Outerwear 935,6048000.0,4.1,3,XXL,Women,2025-05-18 18:15:03
935,Jacket 936,6165440.0,3.1,3,S,Unisex,2025-05-18 18:15:03
936,Crewneck 937,2475360.0,4.1,3,M,Men,2025-05-18 18:15:03
937,T-shirt 938,4058400.0,3.6,3,L,Women,2025-05-18 18:15:03
938,Hoodie 939,4466080.0,4.8,3,XL,Unisex,2025-05-18 18:15:03
939,Pants 940,5776000.0,3.7,3,XXL,Men,2025-05-18 18:15:03
941,Jacket 942,7972960.0,3.0,3,M,Unisex,2025-05-18 18:15:03
942,Crewneck 943,4571040.0,4.4,3,L,Men,2025-05-18 18:15:03
943,T-shirt 944,1578240.0,4.6,3,XL,Women,2025-05-18 18:15:03
944,Hoodie 945,2107680.0,4.2,3,XXL,Unisex,2025-05-18 18:15:03
946,Outerwear 947,7079680.0,4.6,3,M,Women,2025-05-18 18:15:03
947,Jacket 948,4600480.0,3.9,3,L,Unisex,2025-05-18 18:15:03
948,Crewneck 949,1844320.0,4.4,3,XL,Men,2025-05-18 18:15:03
949,T-shirt 950,7691680.0,4.9,3,XXL,Women,2025-05-18 18:15:03
951,Pants 952,7155040.0,3.7,3,M,Men,2025-05-18 18:15:03
952,Outerwear 953,8423200.0,3.8,3,L,Women,2025-05-18 18:15:03
953,Jacket 954,3878720.0,4.1,3,XL,Unisex,2025-05-18 18:15:03
954,Crewneck 955,7006560.0,4.7,3,XXL,Men,2025-05-18 18:15:03
955,T-shirt 956,4457600.0,3.1,3,S,Women,2025-05-18 18:15:03
956,Hoodie 957,4024320.0,4.4,3,M,Unisex,2025-05-18 18:15:03
957,Pants 958,3946240.0,4.8,3,L,Men,2025-05-18 18:15:03
958,Outerwear 959,6828480.0,4.6,3,XL,Women,2025-05-18 18:15:03
959,Jacket 960,5840160.0,4.5,3,XXL,Unisex,2025-05-18 18:15:03
961,T-shirt 962,2887840.0,4.1,3,M,Women,2025-05-18 18:15:03
962,Hoodie 963,7916160.0,4.6,3,L,Unisex,2025-05-18 18:15:03
963,Pants 964,3885280.0,3.3,3,XL,Men,2025-05-18 18:15:03
964,Outerwear 965,3107200.0,4.5,3,XXL,Women,2025-05-18 18:15:03
965,Jacket 966,8499520.0,4.9,3,S,Unisex,2025-05-18 18:15:03
966,Crewneck 967,1744000.0,3.5,3,M,Men,2025-05-18 18:15:03
967,T-shirt 968,4045120.0,4.4,3,L,Women,2025-05-18 18:15:03
968,Hoodie 969,4231840.0,3.8,3,XL,Unisex,2025-05-18 18:15:03
969,Pants 970,952960.0,4.6,3,XXL,Men,2025-05-18 18:15:03
971,Jacket 972,7272000.0,4.4,3,M,Unisex,2025-05-18 18:15:03
972,Crewneck 973,7134400.0,3.9,3,L,Men,2025-05-18 18:15:03
973,T-shirt 974,4769280.0,3.0,3,XL,Women,2025-05-18 18:15:03
974,Hoodie 975,4816000.0,3.6,3,XXL,Unisex,2025-05-18 18:15:03
976,Outerwear 977,3356000.0,3.6,3,M,Women,2025-05-18 18:15:03
977,Jacket 978,3918240.0,3.6,3,L,Unisex,2025-05-18 18:15:03
978,Crewneck 979,4848480.0,3.4,3,XL,Men,2025-05-18 18:15:03
979,T-shirt 980,6544000.0,3.1,3,XXL,Women,2025-05-18 18:15:03
981,Pants 982,7281760.0,4.9,3,M,Men,2025-05-18 18:15:03
982,Outerwear 983,5762560.0,3.2,3,L,Women,2025-05-18 18:15:03
983,Jacket 984,7349440.0,3.8,3,XL,Unisex,2025-05-18 18:15:03
984,Crewneck 985,6236000.0,4.3,3,XXL,Men,2025-05-18 18:15:03
985,T-shirt 986,6713760.0,4.5,3,S,Women,2025-05-18 18:15:03
986,Hoodie 987,4008000.0,4.7,3,M,Unisex,2025-05-18 18:15:03
987,Pants 988,2054239.9999999998,3.5,3,L,Men,2025-05-18 18:15:03
988,Outerwear 989,6869440.0,4.2,3,XL,Women,2025-05-18 18:15:03
989,Jacket 990,3327360.0,4.2,3,XXL,Unisex,2025-05-18 18:15:03
991,T-shirt 992,4840480.0,4.9,3,M,Women,2025-05-18 18:15:03
992,Hoodie 993,6361920.0,3.4,3,L,Unisex,2025-05-18 18:15:03
993,Pants 994,1693760.0,4.4,3,XL,Men,2025-05-18 18:15:03
994,Outerwear 995,8046720.0,3.2,3,XXL,Women,2025-05-18 18:15:03
995,Jacket 996,6942400.0,4.3,3,S,Unisex,2025-05-18 18:15:03
996,Crewneck 997,5321280.0,3.9,3,M,Men,2025-05-18 18:15:03
997,T-shirt 998,908000.0,4.2,3,L,Women,2025-05-18 18:15:03
998,Hoodie 999,8534240.0,4.8,3,XL,Unisex,2025-05-18 18:15:03
999,Pants 1000,2938240.0,4.7,3,XXL,Men,2025-05-18 18:15:03
